old_url,action,new_url,priority,notes
https://www.promationusa.com/7483kxz,301,/screw-driving/et7483kxzc,P1,Legacy alias folded into ET7483KXZC model page per architecture 1.3 (overrides inventory promation-7483kxz slug)
https://www.promationusa.com/9101,301,/robotic-soldering/quick-9101,P1,"SLUG-CLEAN: descriptive slug per inventory, re-homed under category hub"
https://www.promationusa.com/9152n,301,/robotic-soldering/quick-9152n,P1,Re-homed under category hub per architecture
https://www.promationusa.com/9153a,301,/robotic-soldering/quick-9153a,P1,Re-homed under category hub per architecture
https://www.promationusa.com/9153n,301,/robotic-soldering/quick-9153n,P1,Re-homed under category hub per architecture
https://www.promationusa.com/9153na,301,/robotic-soldering/quick-9153na,P1,Re-homed under category hub per architecture
https://www.promationusa.com/9154n,301,/robotic-soldering/quick-9154n,P1,Re-homed under category hub per architecture
https://www.promationusa.com/9154na,301,/robotic-soldering/quick-9154na,P1,Re-homed under category hub per architecture
https://www.promationusa.com/9181,301,/robotic-soldering/quick-9181,P1,"SLUG-CLEAN: descriptive slug per inventory, re-homed under category hub"
https://www.promationusa.com/9244cj,301,/robotic-soldering/quick-9244cj,P1,Re-homed under category hub per architecture
https://www.promationusa.com/9252d,301,/robotic-soldering/quick-9252d,P1,Re-homed under category hub per architecture
https://www.promationusa.com/9252k,301,/robotic-soldering/quick-9252k,P1,Re-homed under category hub per architecture
https://www.promationusa.com/9252n,301,/robotic-soldering/quick-9252n,P1,Re-homed under category hub per architecture
https://www.promationusa.com/9253n,301,/robotic-soldering/quick-9253n,P1,Re-homed under category hub per architecture
https://www.promationusa.com/9253na,301,/robotic-soldering/quick-9253na,P1,Re-homed under category hub per architecture
https://www.promationusa.com/9254n,301,/robotic-soldering/quick-9254n,P1,Re-homed under category hub per architecture
https://www.promationusa.com/9254na,301,/robotic-soldering/quick-9254na,P1,Re-homed under category hub per architecture
https://www.promationusa.com/9264ec,301,/robotic-soldering/quick-9264ec,P1,Re-homed under category hub per architecture
https://www.promationusa.com/9333-light-curtain,301,/robotic-soldering/quick-9333-light-curtain,P1,Re-homed under category hub per architecture
https://www.promationusa.com/9334,301,/robotic-soldering/quick-9334,P1,"SLUG-CLEAN: descriptive slug per inventory, re-homed under category hub"
https://www.promationusa.com/9353n,301,/robotic-soldering/quick-9353n,P1,Re-homed under category hub per architecture
https://www.promationusa.com/9353na,301,/robotic-soldering/quick-9353na,P1,Re-homed under category hub per architecture
https://www.promationusa.com/9354n,301,/robotic-soldering/quick-9354n,P1,Re-homed under category hub per architecture
https://www.promationusa.com/9354na,301,/robotic-soldering/quick-9354na,P1,Re-homed under category hub per architecture
https://www.promationusa.com/9394f,301,/robotic-soldering/quick-9394f,P1,Re-homed under category hub per architecture
https://www.promationusa.com/9433-vision,301,/robotic-soldering/quick-9433-vision,P1,Re-homed under category hub per architecture
https://www.promationusa.com/9440-iru-infrared-preheating-robot,301,/robotic-soldering/quick-9440-iru-infrared-preheating-robot,P1,Re-homed under category hub per architecture
https://www.promationusa.com/9453na,301,/robotic-soldering/quick-9453na,P1,Re-homed under category hub per architecture
https://www.promationusa.com/9454n,301,/robotic-soldering/quick-9454n,P1,Re-homed under category hub per architecture
https://www.promationusa.com/9454na,301,/robotic-soldering/quick-9454na,P1,Re-homed under category hub per architecture
https://www.promationusa.com/9464,301,/robotic-soldering/quick-9464,P1,"SLUG-CLEAN: descriptive slug per inventory, re-homed under category hub"
https://www.promationusa.com/9494f,301,/robotic-soldering/quick-9494f,P1,Re-homed under category hub per architecture
https://www.promationusa.com/9533y-dualslide,301,/robotic-soldering/quick-9533y-dualslide,P1,Re-homed under category hub per architecture
https://www.promationusa.com/9534y-dualslide,301,/robotic-soldering/quick-9534y-dualslide,P1,Re-homed under category hub per architecture
https://www.promationusa.com/9544cj,301,/robotic-soldering/quick-9544cj,P1,Re-homed under category hub per architecture
https://www.promationusa.com/9733d-pro-model,301,/robotic-soldering/quick-9733d,P1,REWRITE: page rebuilt with differentiated copy at new URL
https://www.promationusa.com/9744cj-pro-model,301,/robotic-soldering/quick-9744cj,P1,Re-homed under category hub per architecture
https://www.promationusa.com/9n393w-hot-air-soldering-robot,301,/robotic-soldering/9n393w-hot-air,P1,Re-homed under category hub per architecture
https://www.promationusa.com/9r393t-molten-drop-soldering-robot,301,/robotic-soldering/9r393t-molten-drop,P1,Re-homed under category hub per architecture
https://www.promationusa.com/accumulation-stations,301,/pcb-handling/accumulation-stations,P1,Re-homed under category hub per architecture
https://www.promationusa.com/agv,301,/cobots/tm-amr,P1,AGV is mobile-robot line equipment; homed with TM AMR sub-line [JUDGMENT CALL]
https://www.promationusa.com/ar-smart-glasses,301,/store,P1,No slot in new tree; support accessory housed with parts/consumables - re-home if a services page is added [JUDGMENT CALL]
https://www.promationusa.com/arc21-automatic-routing-machine,301,/pcb-handling/arc21-automatic-routing-machine,P1,Re-homed under category hub per architecture
https://www.promationusa.com/assembly-solutions,301,/pcb-handling/assembly-solutions,P1,Re-homed under category hub per architecture
https://www.promationusa.com/auto-dispensing-at-a-glance,301,/dispensing,P1,Re-homed under category hub per architecture
https://www.promationusa.com/auto-label-placement-at-a-glance,301,/pcb-handling/labelpro,P1,At-a-glance page folds into LabelPro product page under /pcb-handling
https://www.promationusa.com/auto-screw-driving-at-a-glance,301,/screw-driving,P1,Hub replacement per architecture 1.2; buyer's-guide content reborn at /guides/benchtop-screwdriving-robots
https://www.promationusa.com/automatic-scanning-conveyor,301,/pcb-handling/automatic-scanning-conveyor,P1,Re-homed under category hub per architecture
https://www.promationusa.com/barcode-scanning-conveyor,301,/pcb-handling/barcode-scanning-conveyor,P1,Re-homed under category hub per architecture
https://www.promationusa.com/bare-board-loading-stations,301,/pcb-handling/vacuum-loader,P1,Re-homed under category hub per architecture
https://www.promationusa.com/bare-board-loading-stations-destacking,301,/pcb-handling/destacker,P1,Re-homed under category hub per architecture
https://www.promationusa.com/c100,301,/screw-driving/c100-inline,P1,Re-homed to screw-driving as c100-inline per architecture 1.3
https://www.promationusa.com/careers,unchanged,/careers,P2,URL identical in new tree
https://www.promationusa.com/complimentary-services,301-consolidate,/robotic-soldering/complimentary-services,P2,MERGE collapsed to merge-target's new home in a single hop
https://www.promationusa.com/contact,unchanged,/contact,P2,URL identical in new tree
https://www.promationusa.com/dual-lane-conveyors,301,/pcb-handling/dual-lane-conveyors,P1,Re-homed under category hub per architecture
https://www.promationusa.com/e-series-soldering-collection,301,/robotic-soldering/e-series,P1,Re-homed under category hub per architecture
https://www.promationusa.com/eco-series,301,/robotic-soldering/eco-series,P1,Re-homed under category hub per architecture
https://www.promationusa.com/et72h3ka,301,/screw-driving/et72h3ka,P1,Re-homed under category hub per architecture
https://www.promationusa.com/et7383k,301,/screw-driving/et7383k,P1,Re-homed under category hub per architecture
https://www.promationusa.com/et7383kc,301-consolidate,/screw-driving/et7383kc,P1,MERGE collapsed to merge-target's new home in a single hop
https://www.promationusa.com/et7383kc-screw-driving-robot,301,/screw-driving/et7383kc,P1,Re-homed under category hub per architecture
https://www.promationusa.com/et7483kxzc,301,/screw-driving/et7483kxzc,P1,Re-homed under category hub per architecture
https://www.promationusa.com/et7583k,301,/screw-driving/et7583k,P1,Re-homed under category hub per architecture
https://www.promationusa.com/et7583kya,301,/screw-driving/et7583kya,P1,Re-homed under category hub per architecture
https://www.promationusa.com/et7583kyac,301,/screw-driving/et7583kyac,P1,Re-homed under category hub per architecture
https://www.promationusa.com/et7683kya,301,/screw-driving/et7683kya,P1,Re-homed under category hub per architecture
https://www.promationusa.com/et8253n-dispensing-robot,301,/dispensing/et8253n,P1,REWRITE: page rebuilt with differentiated copy at new URL
https://www.promationusa.com/et8283-dispensing-robot,301,/dispensing/et8283,P1,REWRITE: page rebuilt with differentiated copy at new URL
https://www.promationusa.com/et8353n-dispensing-robot,301,/dispensing/et8353n,P1,REWRITE: page rebuilt with differentiated copy at new URL
https://www.promationusa.com/et8383-dispensing-robot,301,/dispensing/et8383,P1,REWRITE: page rebuilt with differentiated copy at new URL
https://www.promationusa.com/et8384-dispensing-robot,301,/dispensing/et8384,P1,REWRITE: page rebuilt with differentiated copy at new URL
https://www.promationusa.com/et8393sf-dispensing-robot,301,/dispensing/et8393sf,P1,REWRITE: page rebuilt with differentiated copy at new URL
https://www.promationusa.com/et8483-dispensing-robot,301,/dispensing/et8483,P1,REWRITE: page rebuilt with differentiated copy at new URL
https://www.promationusa.com/et8484-dispensing-robot-copy,301-consolidate,/dispensing/et8484,P1,MERGE collapsed to merge-target's new home in a single hop
https://www.promationusa.com/et8493sf-dispensing-robot,301,/dispensing/et8493sf,P1,REWRITE: page rebuilt with differentiated copy at new URL
https://www.promationusa.com/et8583ya-dispensing-robot,301,/dispensing/et8583ya,P1,REWRITE: page rebuilt with differentiated copy at new URL
https://www.promationusa.com/et8593-dispensing-robot-copy,301-consolidate,/dispensing/et8593,P1,MERGE collapsed to merge-target's new home in a single hop
https://www.promationusa.com/et9383e,301,/robotic-soldering/et9383e,P1,Re-homed under category hub per architecture
https://www.promationusa.com/et9384e,301,/robotic-soldering/et9384e,P1,Re-homed under category hub per architecture
https://www.promationusa.com/et9483e,301,/robotic-soldering/et9483e,P1,Re-homed under category hub per architecture
https://www.promationusa.com/et9484e,301,/robotic-soldering/et9484e,P1,Re-homed under category hub per architecture
https://www.promationusa.com/et9583eya,301,/robotic-soldering/et9583eya,P1,Re-homed under category hub per architecture
https://www.promationusa.com/et9584eya,301,/robotic-soldering/et9584eya,P1,Re-homed under category hub per architecture
https://www.promationusa.com/et9594fya,301,/robotic-soldering/et9594fya,P1,Re-homed under category hub per architecture
https://www.promationusa.com/events,unchanged,/events,P2,REWRITE: page rebuilt with differentiated copy at new URL
https://www.promationusa.com/events/2017/10/4/2018-ipc-expo,301-to-parent,/events,P3,Stale 2017-2023 event; kill to rebuilt /events hub
https://www.promationusa.com/events/2017/10/4/smtai-expo-in-guadalajara-mx,301-to-parent,/events,P3,Stale 2017-2023 event; kill to rebuilt /events hub
https://www.promationusa.com/events/2018/5/22/smta-detroit,301-to-parent,/events,P3,Stale 2017-2023 event; kill to rebuilt /events hub
https://www.promationusa.com/events/2019/1/29/ipcapex-trade-show-san-diego,301-to-parent,/events,P3,Stale 2017-2023 event; kill to rebuilt /events hub
https://www.promationusa.com/events/2020/2/4/2020-ipc-apex-expo,301-to-parent,/events,P3,Stale 2017-2023 event; kill to rebuilt /events hub
https://www.promationusa.com/events/2022/10/19/smta-expo-long-island,301-to-parent,/events,P3,Stale 2017-2023 event; kill to rebuilt /events hub
https://www.promationusa.com/events/2022/5/12/automate-expo-detroit-mi-usa,301-to-parent,/events,P3,Stale 2017-2023 event; kill to rebuilt /events hub
https://www.promationusa.com/events/2022/5/2/2022-promation-usa-technology-demo-day-open-house,301-to-parent,/events,P3,Stale 2017-2023 event; kill to rebuilt /events hub
https://www.promationusa.com/events/2022/6/7/smta-expo-ohio-valley,301-to-parent,/events,P3,Stale 2017-2023 event; kill to rebuilt /events hub
https://www.promationusa.com/events/2022/6/7/smta-expo-space-coast,301-to-parent,/events,P3,Stale 2017-2023 event; kill to rebuilt /events hub
https://www.promationusa.com/events/2022/9/7/smta-expo-tampa-bay,301-to-parent,/events,P3,Stale 2017-2023 event; kill to rebuilt /events hub
https://www.promationusa.com/events/2023/5/16/smta-wisconsin-chapter-expo-amp-tech-forum,301-to-parent,/events,P3,Stale 2017-2023 event; kill to rebuilt /events hub
https://www.promationusa.com/events/2023/5/17/robotic-soldering-open-house-technology-day,301-to-parent,/events,P3,Stale 2017-2023 event; kill to rebuilt /events hub
https://www.promationusa.com/events/2023/5/3/promation-usa-to-display-at-horizon-sales-technology-day,301-to-parent,/events,P3,Stale 2017-2023 event; kill to rebuilt /events hub
https://www.promationusa.com/events/productronica2017,301-to-parent,/events,P3,Stale 2017-2023 event; kill to rebuilt /events hub
https://www.promationusa.com/f-series-1,301,/robotic-soldering/f-series,P1,"SLUG-CLEAN: descriptive slug per inventory, re-homed under category hub"
https://www.promationusa.com/flat-belt-conveyors,301,/pcb-handling/flat-belt-conveyors,P1,Re-homed under category hub per architecture
https://www.promationusa.com/hand-assembly,301,/pcb-handling/hand-assembly,P1,Re-homed under category hub per architecture
https://www.promationusa.com/heated-nitrogen-output-kit,301,/robotic-soldering/heated-nitrogen-kit,P1,Re-homed under category hub per architecture
https://www.promationusa.com/heating-technology,301,/robotic-soldering/heating-technology,P1,Not named in architecture; preserved under soldering hub
https://www.promationusa.com/hotbarsoldering,301,/robotic-soldering/hot-bar,P1,"SLUG-CLEAN: descriptive slug per inventory, re-homed under category hub"
https://www.promationusa.com/inline-custom-solutions,301,/robotic-soldering/inline-custom,P1,Re-homed under category hub per architecture
https://www.promationusa.com/intelligent-mobile-robot-solutions,301,/cobots/tm-amr,P1,Re-homed under category hub per architecture
https://www.promationusa.com/labelpro,301,/pcb-handling/labelpro,P1,Re-homed under category hub per architecture
https://www.promationusa.com/landing-promationusa,301-to-parent,/,P3,Duplicate of homepage; kill to /
https://www.promationusa.com/large-platform-led-systems,301,/pcb-handling/large-platform-led,P1,Re-homed under category hub per architecture
https://www.promationusa.com/laser-marking-at-a-glance,301,/laser-marking,P1,Re-homed under category hub per architecture
https://www.promationusa.com/laser-soldering,301,/robotic-soldering/laser-soldering,P1,Re-homed under category hub per architecture
https://www.promationusa.com/lead-frame-handlers,301,/pcb-handling/lead-frame-handlers,P1,Re-homed under category hub per architecture
https://www.promationusa.com/m-series,301,/robotic-soldering/m-series,P1,Re-homed under category hub per architecture
https://www.promationusa.com/mobile-robot-line-loading,301,/cobots/amr-magazine-line-loader,P1,Re-homed under category hub per architecture
https://www.promationusa.com/mobile-robot-line-unloading-copy,301-consolidate,/cobots/amr-magazine-line-loader,P1,MERGE collapsed to merge-target's new home in a single hop
https://www.promationusa.com/mobile-robot-solutions-1,301-consolidate,/cobots/tm-amr,P1,MERGE collapsed to merge-target's new home in a single hop
https://www.promationusa.com/n-series,301,/robotic-soldering/n-series,P1,Re-homed under category hub per architecture
https://www.promationusa.com/new-page-1,301,/book-service,P2,SLUG-CLEAN per inventory: /book-service
https://www.promationusa.com/new-products,301,/products,P2,No new-products slot in new tree; nearest home is /products index (What's New posts live in /news)
https://www.promationusa.com/news,unchanged,/news,P2,URL identical in new tree
https://www.promationusa.com/news/2017/11/7/promation-scheduled-to-attend-2017-productronica-in-munich-germany,301,/news/promation-scheduled-to-attend-2017-productronica-in-munich-germany,P2,Dated Squarespace URL flattened to /news/[post-slug]
https://www.promationusa.com/news/2017/12/20/promation-usa-offers-new-intelligent-hand-soldering-stations,301,/news/promation-usa-offers-new-intelligent-hand-soldering-stations,P2,Dated Squarespace URL flattened to /news/[post-slug]
https://www.promationusa.com/news/2018/2/2/altus-group-europe-and-danutek-hungary-complete-robotic-soldering-training-at-promation-usa,301,/news/altus-group-europe-and-danutek-hungary-complete-robotic-soldering-training-at-promation-usa,P2,Dated Squarespace URL flattened to /news/[post-slug]
https://www.promationusa.com/news/2018/8/13/promation-launches-soldering-technology-initiative,301,/news/promation-launches-soldering-technology-initiative,P2,Dated Squarespace URL flattened to /news/[post-slug]
https://www.promationusa.com/news/2019,301,/news/new-products-for-2019,P2,Bare-year slug; actual migrated slug new-products-for-2019 per src/content/news.json
https://www.promationusa.com/news/2020/1/27/kevin-brennan-announced-international-sales-manager-for-promation-usa,301,/news/kevin-brennan-announced-international-sales-manager-for-promation-usa,P2,Dated Squarespace URL flattened to /news/[post-slug]
https://www.promationusa.com/news/2020/1/30/promation-introduces-quick-9394f-soldering-robot,301,/news/promation-introduces-quick-9394f-soldering-robot,P2,Dated Squarespace URL flattened to /news/[post-slug]
https://www.promationusa.com/news/2020/2/7/panda-soldering-system-wins-2020-new-product-introduction-award,301,/news/panda-soldering-system-wins-2020-new-product-introduction-award,P2,Dated Squarespace URL flattened to /news/[post-slug]
https://www.promationusa.com/news/2021/4/26/promation-usa-adds-30-robot-models-to-the-quick-robotic-product-line,301,/news/promation-usa-adds-30-robot-models-to-the-quick-robotic-product-line,P2,Dated Squarespace URL flattened to /news/[post-slug]
https://www.promationusa.com/news/2022/1/3/innovation-winter-2022,301,/news/innovation-winter-2022,P2,Dated Squarespace URL flattened to /news/[post-slug]
https://www.promationusa.com/news/2022/10/25/horizon-sales-doubles-down-on-promation-usa-new-innovative-line-of-robotic-soldering-solutions,301,/news/horizon-sales-doubles-down-on-promation-usa-new-innovative-line-of-robotic-soldering-solutions,P2,Dated Squarespace URL flattened to /news/[post-slug]
https://www.promationusa.com/news/2022/5/31/2022-international-sales-training-conference,301,/news/2022-international-sales-training-conference,P2,Dated Squarespace URL flattened to /news/[post-slug]
https://www.promationusa.com/news/2022/8/3/panda-intelligent-soldering-solutions-featured-by-global-smt-amp-packaging-magazine,301,/news/panda-intelligent-soldering-solutions-featured-by-global-smt-amp-packaging-magazine,P2,Dated Squarespace URL flattened to /news/[post-slug]
https://www.promationusa.com/news/2024/11/15/whats-new-november-2024,301,/news/whats-new-november-2024,P2,Dated Squarespace URL flattened to /news/[post-slug]
https://www.promationusa.com/news/2025/10/28/the-next-generation-of-laser-marking-by-panda-robotics-usa,301,/news/the-next-generation-of-laser-marking-by-panda-robotics-usa,P2,Dated Squarespace URL flattened to /news/[post-slug]
https://www.promationusa.com/news/2025/11/11/panda-robotics-usa-recognized-in-2025-titan-innovation-awards-season-2-for-excellence-in-robotic-technology,301,/news/panda-robotics-usa-recognized-in-2025-titan-innovation-awards-season-2-for-excellence-in-robotic-technology,P2,Dated Squarespace URL flattened to /news/[post-slug]
https://www.promationusa.com/news/panda-soldering-systems,unchanged,/news/panda-soldering-systems,P2,Dated Squarespace URL flattened to /news/[post-slug]
https://www.promationusa.com/news/tag/2020+IPC+APEX+EXPO,301-to-parent,/news,P3,Thin Squarespace tag archive; kill to /news index
https://www.promationusa.com/news/tag/9544CJ,301-to-parent,/news,P3,Thin Squarespace tag archive; kill to /news index
https://www.promationusa.com/news/tag/Best+Soldering+Station,301-to-parent,/news,P3,Thin Squarespace tag archive; kill to /news index
https://www.promationusa.com/news/tag/Circuits+Assembly%27s+NPI+Award,301-to-parent,/news,P3,Thin Squarespace tag archive; kill to /news index
https://www.promationusa.com/news/tag/Circuits+Assembly+Magazine,301-to-parent,/news,P3,Thin Squarespace tag archive; kill to /news index
https://www.promationusa.com/news/tag/Estacion+de+Soldar,301-to-parent,/news,P3,Thin Squarespace tag archive; kill to /news index
https://www.promationusa.com/news/tag/Flux+Cored+Solder+Wire,301-to-parent,/news,P3,Thin Squarespace tag archive; kill to /news index
https://www.promationusa.com/news/tag/Lead-Free+Soldering,301-to-parent,/news,P3,Thin Squarespace tag archive; kill to /news index
https://www.promationusa.com/news/tag/NPI+AWARD,301-to-parent,/news,P3,Thin Squarespace tag archive; kill to /news index
https://www.promationusa.com/news/tag/NPI+Award+PROMATION,301-to-parent,/news,P3,Thin Squarespace tag archive; kill to /news index
https://www.promationusa.com/news/tag/Network+Capable,301-to-parent,/news,P3,Thin Squarespace tag archive; kill to /news index
https://www.promationusa.com/news/tag/PANDA+Robotics,301-to-parent,/news,P3,Thin Squarespace tag archive; kill to /news index
https://www.promationusa.com/news/tag/PRO+4.0,301-to-parent,/news,P3,Thin Squarespace tag archive; kill to /news index
https://www.promationusa.com/news/tag/PRO+4.1,301-to-parent,/news,P3,Thin Squarespace tag archive; kill to /news index
https://www.promationusa.com/news/tag/PROMATION,301-to-parent,/news,P3,Thin Squarespace tag archive; kill to /news index
https://www.promationusa.com/news/tag/PROMATION+USA,301-to-parent,/news,P3,Thin Squarespace tag archive; kill to /news index
https://www.promationusa.com/news/tag/PROMATION+soldering,301-to-parent,/news,P3,Thin Squarespace tag archive; kill to /news index
https://www.promationusa.com/news/tag/Panda+Soldering,301-to-parent,/news,P3,Thin Squarespace tag archive; kill to /news index
https://www.promationusa.com/news/tag/QUICK+300A,301-to-parent,/news,P3,Thin Squarespace tag archive; kill to /news index
https://www.promationusa.com/news/tag/QUICK+300B,301-to-parent,/news,P3,Thin Squarespace tag archive; kill to /news index
https://www.promationusa.com/news/tag/QUICK+372B,301-to-parent,/news,P3,Thin Squarespace tag archive; kill to /news index
https://www.promationusa.com/news/tag/QUICK+376DI,301-to-parent,/news,P3,Thin Squarespace tag archive; kill to /news index
https://www.promationusa.com/news/tag/QUICK+9544CJ+PRO,301-to-parent,/news,P3,Thin Squarespace tag archive; kill to /news index
https://www.promationusa.com/news/tag/QUICK+Hand+Soldering,301-to-parent,/news,P3,Thin Squarespace tag archive; kill to /news index
https://www.promationusa.com/news/tag/QUICK+Soldering,301-to-parent,/news,P3,Thin Squarespace tag archive; kill to /news index
https://www.promationusa.com/news/tag/QUICK+Soldering+Robot,301-to-parent,/news,P3,Thin Squarespace tag archive; kill to /news index
https://www.promationusa.com/news/tag/QUICK+USA+Soldering,301-to-parent,/news,P3,Thin Squarespace tag archive; kill to /news index
https://www.promationusa.com/news/tag/Sales,301-to-parent,/news,P3,Thin Squarespace tag archive; kill to /news index
https://www.promationusa.com/news/tag/Soildering+Stations,301-to-parent,/news,P3,Thin Squarespace tag archive; kill to /news index
https://www.promationusa.com/news/tag/TM+Robot,301-to-parent,/news,P3,Thin Squarespace tag archive; kill to /news index
https://www.promationusa.com/news/tag/TM-14,301-to-parent,/news,P3,Thin Squarespace tag archive; kill to /news index
https://www.promationusa.com/news/tag/TS+Series+Intelligent+Hand+Soldering,301-to-parent,/news,P3,Thin Squarespace tag archive; kill to /news index
https://www.promationusa.com/news/tag/aim+solder,301-to-parent,/news,P3,Thin Squarespace tag archive; kill to /news index
https://www.promationusa.com/news/tag/altus+group,301-to-parent,/news,P3,Thin Squarespace tag archive; kill to /news index
https://www.promationusa.com/news/tag/apollo+soldering,301-to-parent,/news,P3,Thin Squarespace tag archive; kill to /news index
https://www.promationusa.com/news/tag/auto+solder,301-to-parent,/news,P3,Thin Squarespace tag archive; kill to /news index
https://www.promationusa.com/news/tag/automated+soldering,301-to-parent,/news,P3,Thin Squarespace tag archive; kill to /news index
https://www.promationusa.com/news/tag/autosolder,301-to-parent,/news,P3,Thin Squarespace tag archive; kill to /news index
https://www.promationusa.com/news/tag/best+soldering+machine,301-to-parent,/news,P3,Thin Squarespace tag archive; kill to /news index
https://www.promationusa.com/news/tag/best+soldering+robot,301-to-parent,/news,P3,Thin Squarespace tag archive; kill to /news index
https://www.promationusa.com/news/tag/best+soldering+station,301-to-parent,/news,P3,Thin Squarespace tag archive; kill to /news index
https://www.promationusa.com/news/tag/cobotics,301-to-parent,/news,P3,Thin Squarespace tag archive; kill to /news index
https://www.promationusa.com/news/tag/conveyors,301-to-parent,/news,P3,Thin Squarespace tag archive; kill to /news index
https://www.promationusa.com/news/tag/global+smt+%26+packaging,301-to-parent,/news,P3,Thin Squarespace tag archive; kill to /news index
https://www.promationusa.com/news/tag/hand+soldering,301-to-parent,/news,P3,Thin Squarespace tag archive; kill to /news index
https://www.promationusa.com/news/tag/horizon+sales,301-to-parent,/news,P3,Thin Squarespace tag archive; kill to /news index
https://www.promationusa.com/news/tag/how+to+solder,301-to-parent,/news,P3,Thin Squarespace tag archive; kill to /news index
https://www.promationusa.com/news/tag/indium+solder,301-to-parent,/news,P3,Thin Squarespace tag archive; kill to /news index
https://www.promationusa.com/news/tag/intelligent+line+control+solution,301-to-parent,/news,P3,Thin Squarespace tag archive; kill to /news index
https://www.promationusa.com/news/tag/intelligent+soldering+machine,301-to-parent,/news,P3,Thin Squarespace tag archive; kill to /news index
https://www.promationusa.com/news/tag/kester+solder,301-to-parent,/news,P3,Thin Squarespace tag archive; kill to /news index
https://www.promationusa.com/news/tag/kevin+brennan,301-to-parent,/news,P3,Thin Squarespace tag archive; kill to /news index
https://www.promationusa.com/news/tag/kevin+brennan+promation,301-to-parent,/news,P3,Thin Squarespace tag archive; kill to /news index
https://www.promationusa.com/news/tag/kevin+brennan+promation+usa,301-to-parent,/news,P3,Thin Squarespace tag archive; kill to /news index
https://www.promationusa.com/news/tag/largest+soldering+robot,301-to-parent,/news,P3,Thin Squarespace tag archive; kill to /news index
https://www.promationusa.com/news/tag/laser+mark,301-to-parent,/news,P3,Thin Squarespace tag archive; kill to /news index
https://www.promationusa.com/news/tag/laser+marking,301-to-parent,/news,P3,Thin Squarespace tag archive; kill to /news index
https://www.promationusa.com/news/tag/laser+marking+machine,301-to-parent,/news,P3,Thin Squarespace tag archive; kill to /news index
https://www.promationusa.com/news/tag/lead-free+soldering,301-to-parent,/news,P3,Thin Squarespace tag archive; kill to /news index
https://www.promationusa.com/news/tag/manufacturing,301-to-parent,/news,P3,Thin Squarespace tag archive; kill to /news index
https://www.promationusa.com/news/tag/midwest+robotic+soldering,301-to-parent,/news,P3,Thin Squarespace tag archive; kill to /news index
https://www.promationusa.com/news/tag/panda+in-line+soldering,301-to-parent,/news,P3,Thin Squarespace tag archive; kill to /news index
https://www.promationusa.com/news/tag/panda+laser,301-to-parent,/news,P3,Thin Squarespace tag archive; kill to /news index
https://www.promationusa.com/news/tag/panda+laser+marker,301-to-parent,/news,P3,Thin Squarespace tag archive; kill to /news index
https://www.promationusa.com/news/tag/panda+laser+marking,301-to-parent,/news,P3,Thin Squarespace tag archive; kill to /news index
https://www.promationusa.com/news/tag/panda+promation,301-to-parent,/news,P3,Thin Squarespace tag archive; kill to /news index
https://www.promationusa.com/news/tag/panda+promation+soldering,301-to-parent,/news,P3,Thin Squarespace tag archive; kill to /news index
https://www.promationusa.com/news/tag/panda+robotics,301-to-parent,/news,P3,Thin Squarespace tag archive; kill to /news index
https://www.promationusa.com/news/tag/panda+robotics+interview,301-to-parent,/news,P3,Thin Squarespace tag archive; kill to /news index
https://www.promationusa.com/news/tag/panda+series,301-to-parent,/news,P3,Thin Squarespace tag archive; kill to /news index
https://www.promationusa.com/news/tag/panda+soldering,301-to-parent,/news,P3,Thin Squarespace tag archive; kill to /news index
https://www.promationusa.com/news/tag/panda+soldering+usa,301-to-parent,/news,P3,Thin Squarespace tag archive; kill to /news index
https://www.promationusa.com/news/tag/pandasoldering,301-to-parent,/news,P3,Thin Squarespace tag archive; kill to /news index
https://www.promationusa.com/news/tag/pandasolderingsystems,301-to-parent,/news,P3,Thin Squarespace tag archive; kill to /news index
https://www.promationusa.com/news/tag/promation,301-to-parent,/news,P3,Thin Squarespace tag archive; kill to /news index
https://www.promationusa.com/news/tag/promation+conveyor,301-to-parent,/news,P3,Thin Squarespace tag archive; kill to /news index
https://www.promationusa.com/news/tag/promation+panda,301-to-parent,/news,P3,Thin Squarespace tag archive; kill to /news index
https://www.promationusa.com/news/tag/promation+soldering,301-to-parent,/news,P3,Thin Squarespace tag archive; kill to /news index
https://www.promationusa.com/news/tag/promation+usa,301-to-parent,/news,P3,Thin Squarespace tag archive; kill to /news index
https://www.promationusa.com/news/tag/promation+usa+soldering,301-to-parent,/news,P3,Thin Squarespace tag archive; kill to /news index
https://www.promationusa.com/news/tag/promationusa,301-to-parent,/news,P3,Thin Squarespace tag archive; kill to /news index
https://www.promationusa.com/news/tag/quick+9394F,301-to-parent,/news,P3,Thin Squarespace tag archive; kill to /news index
https://www.promationusa.com/news/tag/quick+soldering,301-to-parent,/news,P3,Thin Squarespace tag archive; kill to /news index
https://www.promationusa.com/news/tag/quick+soldering+robot,301-to-parent,/news,P3,Thin Squarespace tag archive; kill to /news index
https://www.promationusa.com/news/tag/robotic+soldeirng,301-to-parent,/news,P3,Thin Squarespace tag archive; kill to /news index
https://www.promationusa.com/news/tag/robotic+soldering,301-to-parent,/news,P3,Thin Squarespace tag archive; kill to /news index
https://www.promationusa.com/news/tag/robotics,301-to-parent,/news,P3,Thin Squarespace tag archive; kill to /news index
https://www.promationusa.com/news/tag/screw+driving+robot,301-to-parent,/news,P3,Thin Squarespace tag archive; kill to /news index
https://www.promationusa.com/news/tag/soldadura,301-to-parent,/news,P3,Thin Squarespace tag archive; kill to /news index
https://www.promationusa.com/news/tag/solder,301-to-parent,/news,P3,Thin Squarespace tag archive; kill to /news index
https://www.promationusa.com/news/tag/solder+rob+ot,301-to-parent,/news,P3,Thin Squarespace tag archive; kill to /news index
https://www.promationusa.com/news/tag/solder+wire+perforation,301-to-parent,/news,P3,Thin Squarespace tag archive; kill to /news index
https://www.promationusa.com/news/tag/soldering,301-to-parent,/news,P3,Thin Squarespace tag archive; kill to /news index
https://www.promationusa.com/news/tag/soldering+machine,301-to-parent,/news,P3,Thin Squarespace tag archive; kill to /news index
https://www.promationusa.com/news/tag/soldering+robot,301-to-parent,/news,P3,Thin Squarespace tag archive; kill to /news index
https://www.promationusa.com/news/tag/techman+collaborative+robots,301-to-parent,/news,P3,Thin Squarespace tag archive; kill to /news index
https://www.promationusa.com/news/tag/thermaltronics,301-to-parent,/news,P3,Thin Squarespace tag archive; kill to /news index
https://www.promationusa.com/news/tag/thermaltronics+soldering,301-to-parent,/news,P3,Thin Squarespace tag archive; kill to /news index
https://www.promationusa.com/news/tag/titan+innovation+award+2025,301-to-parent,/news,P3,Thin Squarespace tag archive; kill to /news index
https://www.promationusa.com/news/tag/tm+robot,301-to-parent,/news,P3,Thin Squarespace tag archive; kill to /news index
https://www.promationusa.com/news/tag/wisconsin+manufacturing,301-to-parent,/news,P3,Thin Squarespace tag archive; kill to /news index
https://www.promationusa.com/official-robot-center,301,/why-promation,P1,Official-distributor brand hub folds into /why-promation authority page
https://www.promationusa.com/panda-laser-marking,301,/laser-marking/panda-laser-marking,P1,Rebuilt as true product page under /laser-marking per architecture 1.3
https://www.promationusa.com/panda-robotics,301-consolidate,/laser-marking,P1,"PANDA brand hub pair consolidates into /laser-marking hub per architecture 1.2 (single hop, not via /panda-robotics-usa)"
https://www.promationusa.com/panda-robotics-usa,301,/laser-marking,P1,PANDA brand hub consolidates into /laser-marking hub per architecture 1.2
https://www.promationusa.com/panda-soldering,301,/robotic-soldering/panda-soldering,P1,Re-homed under category hub per architecture
https://www.promationusa.com/partners,unchanged,/partners,P2,URL identical in new tree
https://www.promationusa.com/pcb-handling,unchanged,/pcb-handling,P1,URL identical in new tree
https://www.promationusa.com/pcb-handling-buffering,301,/pcb-handling/vertical-buffer-conveyor,P1,Re-homed under category hub per architecture
https://www.promationusa.com/pcb-handling-post-aoi-sorting-systems,301,/pcb-handling/post-aoi-sorting,P1,Near-duplicate of /pcb-post-aoi-sorting-systems; both consolidate into one post-aoi-sorting page
https://www.promationusa.com/pcb-inspection-stations,301,/pcb-handling/inspection-conveyors,P1,Re-homed under category hub per architecture
https://www.promationusa.com/pcb-inverter-stations,301,/pcb-handling/pcb-inverter-stations,P1,Re-homed under category hub per architecture
https://www.promationusa.com/pcb-magazine-line-loader,301,/pcb-handling/magazine-line-loader,P1,Re-homed under category hub per architecture
https://www.promationusa.com/pcb-magazine-unloading-stations,301,/pcb-handling/magazine-line-unloader,P1,Re-homed under category hub per architecture
https://www.promationusa.com/pcb-post-aoi-sorting-buffer,301,/pcb-handling/post-aoi-sorting-buffer,P1,Re-homed under category hub per architecture
https://www.promationusa.com/pcb-post-aoi-sorting-systems,301,/pcb-handling/post-aoi-sorting,P1,Consolidated post-AOI sorting page (absorbs /pcb-handling-post-aoi-sorting-systems)
https://www.promationusa.com/pcb-routing-at-a-glance,301,/pcb-handling/arc21-automatic-routing-machine,P1,Routing at-a-glance folds into ARC21 routing machine page under /pcb-handling
https://www.promationusa.com/pcb-wave-loading,301,/pcb-handling/wave-loading,P1,Re-homed under category hub per architecture
https://www.promationusa.com/pcb-wave-unloading,301,/pcb-handling/wave-unloading,P1,Re-homed under category hub per architecture
https://www.promationusa.com/products,unchanged,/products,P2,URL identical in new tree
https://www.promationusa.com/qs-800,301,/dispensing/qs-800,P1,Re-homed to dispensing per architecture 1.3 (inventory had it under soldering)
https://www.promationusa.com/quick-9430-series-with-base-vision,301,/robotic-soldering/quick-9430-series-with-base-vision,P1,Series page preserved under soldering hub
https://www.promationusa.com/quick-9433d-dual-tip-soldering-robot,301,/robotic-soldering/quick-9433d,P1,Re-homed under category hub per architecture
https://www.promationusa.com/quick-9434-soldering-robot,301,/robotic-soldering/quick-9434,P1,Re-homed under category hub per architecture
https://www.promationusa.com/quick-ts2200,301,/robotic-soldering/quick-ts2200,P1,Re-homed under category hub per architecture
https://www.promationusa.com/quick-usa-100-155,301,/robotic-soldering/quick-usa-100-155,P1,Re-homed under category hub per architecture
https://www.promationusa.com/quick-usa-100-6c,301,/robotic-soldering/quick-usa-100-6c,P1,Re-homed under category hub per architecture
https://www.promationusa.com/quick-usa-191ad,301,/robotic-soldering/quick-usa-191ad,P1,Re-homed under category hub per architecture
https://www.promationusa.com/quick-usa-300-series,301,/robotic-soldering/quick-usa-300-series,P1,Hand-soldering series preserved under /robotic-soldering pending hand-soldering subsection
https://www.promationusa.com/quick-usa-3202,301,/robotic-soldering/quick-usa-3202,P1,Re-homed under category hub per architecture
https://www.promationusa.com/quick-usa-372b,301,/robotic-soldering/quick-usa-372b,P1,Re-homed under category hub per architecture
https://www.promationusa.com/quick-usa-376di,301,/robotic-soldering/quick-usa-376di,P1,Re-homed under category hub per architecture
https://www.promationusa.com/quick-usa-440a,301,/robotic-soldering/quick-usa-440a,P1,Re-homed under category hub per architecture
https://www.promationusa.com/quick-usa-441b,301,/robotic-soldering/quick-usa-441b,P1,Re-homed under category hub per architecture
https://www.promationusa.com/quick-usa-442-2,301,/robotic-soldering/quick-usa-442-2,P1,Re-homed under category hub per architecture
https://www.promationusa.com/quick-usa-442-3,301,/robotic-soldering/quick-usa-442-3,P1,Re-homed under category hub per architecture
https://www.promationusa.com/quick-usa-443c,301,/robotic-soldering/quick-usa-443c,P1,Re-homed under category hub per architecture
https://www.promationusa.com/quick-usa-443c-2,301,/robotic-soldering/quick-usa-443c-2,P1,Re-homed under category hub per architecture
https://www.promationusa.com/quick-usa-447,301,/robotic-soldering/quick-usa-447,P1,Re-homed under category hub per architecture
https://www.promationusa.com/quick-usa-492e,301,/robotic-soldering/quick-usa-492e,P1,Re-homed under category hub per architecture
https://www.promationusa.com/quick-usa-6101a1,301,/robotic-soldering/quick-usa-6101a1,P1,Re-homed under category hub per architecture
https://www.promationusa.com/quick-usa-6102a1,301,/robotic-soldering/quick-usa-6102a1,P1,Re-homed under category hub per architecture
https://www.promationusa.com/quick-usa-6301,301,/robotic-soldering/quick-usa-6301,P1,Re-homed under category hub per architecture
https://www.promationusa.com/quick-usa-854,301,/robotic-soldering/quick-usa-854,P1,Re-homed under category hub per architecture
https://www.promationusa.com/quick-usa-870,301,/robotic-soldering/quick-usa-870,P1,Re-homed under category hub per architecture
https://www.promationusa.com/quick-usa-885-1,301,/robotic-soldering/quick-usa-885,P1,"SLUG-CLEAN: descriptive slug per inventory, re-homed under category hub"
https://www.promationusa.com/quick-usa-957d,301,/robotic-soldering/quick-usa-957d,P1,Re-homed under category hub per architecture
https://www.promationusa.com/quick-usa-tr1100,301,/robotic-soldering/quick-usa-tr1100,P1,Re-homed under category hub per architecture
https://www.promationusa.com/quick-usa-tr1300,301,/robotic-soldering/quick-usa-tr1300,P1,Re-homed under category hub per architecture
https://www.promationusa.com/quick-usa-ts1200,301,/robotic-soldering/quick-usa-ts1200,P1,Re-homed under category hub per architecture
https://www.promationusa.com/quick-usa-ts2300,301,/robotic-soldering/quick-usa-ts2300,P1,Re-homed under category hub per architecture
https://www.promationusa.com/robot-safety-enclosures,301,/robotic-soldering/robot-safety-enclosures,P1,Re-homed under category hub per architecture
https://www.promationusa.com/robotic-screw-driving-accessories,301,/screw-driving/accessories,P1,Re-homed under category hub per architecture
https://www.promationusa.com/robotic-soldering-complimentary-services,301,/robotic-soldering/complimentary-services,P2,Re-homed under category hub per architecture
https://www.promationusa.com/robotic-soldering-glance,301,/robotic-soldering,P1,Re-homed under category hub per architecture
https://www.promationusa.com/robotics-division,301,/about,P2,Division story folds into /about company page
https://www.promationusa.com/s100-p4,301,/robotic-soldering/s100-p4,P1,Re-homed from dispensing category to inline soldering per architecture 1.3
https://www.promationusa.com/s100t4,301,/robotic-soldering/s100-t4,P1,Slug cleaned to s100-t4; re-homed to inline soldering per architecture 1.3
https://www.promationusa.com/schedule-service,unchanged,/schedule-service,P2,URL identical in new tree
https://www.promationusa.com/shuttle-gate,301,/pcb-handling/shuttle-gate,P1,Re-homed under category hub per architecture
https://www.promationusa.com/smart-line-control-solution,301,/pcb-handling/smart-line-control-solution,P1,Re-homed under category hub per architecture
https://www.promationusa.com/sn7353k,301,/screw-driving/sn7353k,P1,Re-homed under category hub per architecture
https://www.promationusa.com/sn7453ka,301,/screw-driving/sn7453ka,P1,Re-homed under category hub per architecture
https://www.promationusa.com/soldering-integration-kits,301,/robotic-soldering/soldering-integration-kits,P1,Re-homed under category hub per architecture
https://www.promationusa.com/soldering-robot-accessories,301,/robotic-soldering/accessories,P1,Re-homed under category hub per architecture
https://www.promationusa.com/soldering-robot-central,301,/robotic-soldering,P1,Re-homed under category hub per architecture
https://www.promationusa.com/store,unchanged,/store,P1,URL identical in new tree
https://www.promationusa.com/store/100-authentic-quick-solder-tips-912-series,unchanged,/store/100-authentic-quick-solder-tips-912-series,P1,URL identical in new tree
https://www.promationusa.com/store/100-authentic-quick-solder-tips-912-series-372mr,unchanged,/store/100-authentic-quick-solder-tips-912-series-372mr,P1,URL identical in new tree
https://www.promationusa.com/store/2020d-hot-air-rework-station,unchanged,/store/2020d-hot-air-rework-station,P1,URL identical in new tree
https://www.promationusa.com/store/brass-rollers,unchanged,/store/brass-rollers,P1,URL identical in new tree
https://www.promationusa.com/store/conveyor-belts,unchanged,/store/conveyor-belts,P1,URL identical in new tree
https://www.promationusa.com/store/quick,unchanged,/store/quick,P1,URL identical in new tree
https://www.promationusa.com/store/quick-100-15s,unchanged,/store/quick-100-15s,P1,URL identical in new tree
https://www.promationusa.com/store/quick-100-6c,unchanged,/store/quick-100-6c,P1,URL identical in new tree
https://www.promationusa.com/store/quick-150watt-soldering-irons,unchanged,/store/quick-150watt-soldering-irons,P1,URL identical in new tree
https://www.promationusa.com/store/quick-180-watt-robot-soldering-irons,unchanged,/store/quick-180-watt-robot-soldering-irons,P1,URL identical in new tree
https://www.promationusa.com/store/quick-191ad,unchanged,/store/quick-191ad,P1,URL identical in new tree
https://www.promationusa.com/store/quick-376di,unchanged,/store/quick-376di,P1,URL identical in new tree
https://www.promationusa.com/store/quick-6102a1,unchanged,/store/quick-6102a1,P1,URL identical in new tree
https://www.promationusa.com/store/quick-885-hot-air-gun,unchanged,/store/quick-885-hot-air-gun,P1,URL identical in new tree
https://www.promationusa.com/store/quick-9039,unchanged,/store/quick-9039,P1,URL identical in new tree
https://www.promationusa.com/store/quick-feed-tube,unchanged,/store/quick-feed-tube,P1,URL identical in new tree
https://www.promationusa.com/store/quick-feed-tube-zlbsm,unchanged,/store/quick-feed-tube-zlbsm,P1,URL identical in new tree
https://www.promationusa.com/store/quick-ts1200,unchanged,/store/quick-ts1200,P1,URL identical in new tree
https://www.promationusa.com/store/quick-ts2200,unchanged,/store/quick-ts2200,P1,URL identical in new tree
https://www.promationusa.com/store/quick-ylt4n,unchanged,/store/quick-ylt4n,P1,URL identical in new tree
https://www.promationusa.com/store/replacement-brass-mesh-insert,unchanged,/store/replacement-brass-mesh-insert,P1,URL identical in new tree
https://www.promationusa.com/techman-collaborative-robots,301,/cobots,P1,Re-homed under category hub per architecture
https://www.promationusa.com/techman-usa,301-consolidate,/cobots,P1,MERGE collapsed to merge-target's new home in a single hop
https://www.promationusa.com/techman-usa-1,301-to-parent,/cobots,P3,Dead alias (302s today); direct 301 to consolidated /cobots hub - no chain
https://www.promationusa.com/thank-you,unchanged,/thank-you,P2,Keep URL; noindex and exclude from sitemap per inventory
https://www.promationusa.com/tm-14,301,/cobots/tm14,P1,Re-homed under category hub per architecture
https://www.promationusa.com/tm-mobile-robot-solutions,301,/cobots/tm-amr,P1,Re-homed under category hub per architecture
https://www.promationusa.com/tm-robot-usa,301-consolidate,/cobots,P1,MERGE collapsed to merge-target's new home in a single hop
https://www.promationusa.com/tm-robots-at-a-glance,301-consolidate,/cobots,P1,MERGE collapsed to merge-target's new home in a single hop
https://www.promationusa.com/tm12,301,/cobots/tm12,P1,Re-homed under category hub per architecture
https://www.promationusa.com/tm16,301,/cobots/tm16,P1,Re-homed under category hub per architecture
https://www.promationusa.com/tm20,301,/cobots/tm20,P1,Re-homed under category hub per architecture
https://www.promationusa.com/tm5-700,301,/cobots/tm5-700,P1,Re-homed under category hub per architecture
https://www.promationusa.com/tm5-900,301,/cobots/tm5-900,P1,Re-homed under category hub per architecture
https://www.promationusa.com/transfer-conveyors,301,/pcb-handling/transfer-conveyors,P1,Re-homed under category hub per architecture
https://www.promationusa.com/turning-stations,301,/pcb-handling/turning-stations,P1,Re-homed under category hub per architecture
https://www.promationusa.com/virtual-training-gallery,unchanged,/virtual-training-gallery,P2,URL identical in new tree
https://www.promationusa.com/what-we-do,unchanged,/what-we-do,P2,URL identical in new tree
https://www.promationusa.com/workstations,301,/pcb-handling/workstations,P1,Re-homed under category hub per architecture
https://www.promationusa.com/xc1000,301,/x-ray-inspection/xc-1000,P1,Re-homed under category hub per architecture
https://www.promationusa.com/xray-at-a-glance,301,/x-ray-inspection,P1,Re-homed under category hub per architecture
https://www.promationusa.com/,unchanged,/,P1,Homepage; URL identical in new tree
https://www.promationusa.com/et8484-dispensing-robot,301,/dispensing/et8484,P1,404 today but canonical slug of the live -copy page and likely holder of historical links/Ads finals; point at new ET8484 page
https://www.promationusa.com/about,unchanged,/about,P2,In old nav but absent from sitemap; same URL in new tree (architecture 1.1)
